{"loss": [4.371091842651367, 4.085198879241943, 3.7844645977020264, 3.4740891456604004, 3.1392428874969482, 2.8662917613983154, 2.5744991302490234, 2.3369359970092773, 2.084796905517578, 1.9156898260116577], "accuracy": [0.025150906294584274, 0.05303248018026352, 0.09859155118465424, 0.1491807997226715, 0.21112388372421265, 0.2663121521472931, 0.3294050097465515, 0.37496405839920044, 0.43288302421569824, 0.4659384787082672], "val_loss": [4.204715251922607, 3.793785572052002, 3.4739115238189697, 2.999751091003418, 2.631502628326416, 2.309574842453003, 2.0505712032318115, 1.8160039186477661, 1.624550223350525, 1.3064156770706177], "val_accuracy": [0.034424059092998505, 0.1028938889503479, 0.1821448802947998, 0.24929071962833405, 0.31738224625587463, 0.39171552658081055, 0.45470020174980164, 0.5188197493553162, 0.5479478240013123, 0.6415736675262451]}